{
  "age": 39.20702541106129,
  "sex": 0.5052316890881914,
  "bmi": 30.66339686098655,
  "children": 1.0949177877429,
  "smoker": 0.20478325859491778,
  "region": 1.515695067264574
}