{
  "mean": [
    39.357009345794395,
    0.5121495327102804,
    30.560397196261682,
    1.1074766355140186,
    0.205607476635514,
    1.5084112149532711
  ],
  "scale": [
    14.067381985138546,
    0.49985236705943664,
    6.040561000606501,
    1.21541508117497,
    0.4041448282325169,
    1.1146535856260416
  ],
  "feature_names": [
    "age",
    "sex",
    "bmi",
    "children",
    "smoker",
    "region"
  ]
}